{"cameraMode":{"drawMode":0,"name":"Shaded","section":"Shading Mode"},"sceneLighting":false,"audioPlay":false,"sceneViewState":{"showFog":true,"showMaterialUpdate":false,"showSkybox":true,"showFlares":true,"showImageEffects":true,"showParticleSystems":true},"in2DMode":false,"pivot":{"x":-2.0843255519866945,"y":-0.23890185356140138,"z":12.52256965637207},"rotation":{"x":0.00931027252227068,"y":0.0024039552081376316,"z":-0.00002219967973360326,"w":0.9999538064002991},"size":36.51036071777344,"orthographic":false}