{"cameraMode":{"drawMode":0,"name":"Shaded","section":"Shading Mode"},"sceneLighting":false,"audioPlay":false,"sceneViewState":{"showFog":true,"showMaterialUpdate":false,"showSkybox":true,"showFlares":true,"showImageEffects":true,"showParticleSystems":true},"in2DMode":false,"pivot":{"x":0.6767848134040833,"y":0.10167549550533295,"z":0.14164113998413087},"rotation":{"x":0.0003099687455687672,"y":0.05787220969796181,"z":-0.000017872731405077502,"w":0.9983239769935608},"size":7.38918924331665,"orthographic":false}